{
  "$schema": "http://json-schema.org/draft-04/schema#",
  "type": "object",
  "properties": {
    "attempts": {
      "type": "array",
      "items": [
        {
          "type": "integer"
        },
        {
          "type": "integer"
        }
      ]
    },
    "cooldowns": {
      "type": "array",
      "items": [
        {
          "type": "array",
          "items": [
            {
              "type": "integer"
            },
            {
              "type": "integer"
            }
          ]
        },
        {
          "type": "array",
          "items": [
            {
              "type": "integer"
            },
            {
              "type": "integer"
            }
          ]
        }
      ]
    },
    "headless": {
      "type": "boolean"
    },
    "minLikes": {
      "type": "integer"
    },
    "password": {
      "type": "string"
    },
    "proxy": {
      "type": "string"
    },
    "scrollOffset": {
      "type": "integer"
    },
    "setLikes": {
      "type": "string"
    },
    "timeout": {
      "type": "integer"
    },
    "cookies": {
      "type": "object",
      "properties": {
        "xf_session": {
          "type": "string"
        },
        "xf_tfa_trust": {
          "type": "string"
        },
        "xf_user": {
          "type": "string"
        }
      },
      "required": [
        "xf_session",
        "xf_tfa_trust",
        "xf_user"
      ]
    },
    "log": {
      "type": "object",
      "properties": {
        "debug": {
          "type": "boolean"
        },
        "error": {
          "type": "boolean"
        },
        "success": {
          "type": "boolean"
        },
        "file": {
          "type": "object",
          "properties": {
            "enabled": {
              "type": "boolean"
            },
            "period": {
              "type": "string"
            }
          },
          "required": [
            "enabled",
            "period"
          ]
        }
      },
      "required": [
        "debug",
        "error",
        "success",
        "file"
      ]
    },
    "telegram": {
      "type": "object",
      "properties": {
        "id": {
          "type": "string"
        },
        "token": {
          "type": "string"
        }
      },
      "required": [
        "id",
        "token"
      ]
    },
    "title": {
      "type": "object",
      "properties": {
        "balance": {
          "type": "boolean"
        },
        "solved": {
          "type": "boolean"
        }
      },
      "required": [
        "balance",
        "solved"
      ]
    }
  },
  "required": [
    "attempts",
    "cooldowns",
    "headless",
    "minLikes",
    "password",
    "proxy",
    "scrollOffset",
    "setLikes",
    "timeout",
    "cookies",
    "log",
    "telegram",
    "title"
  ]
}